ecc_table,ecc_field,s4_table,s4_field,FLAGGED_FOR_REVIEW
AFVC,PROJN,AFVC,PROJN,N
AFVC,VORNR,ACDOCA,VORNR,N
BKPF,ACRITMTYPE,ACDOCA,ACRITMTYPE,N
BKPF,ACRLOGSYS,ACDOCA,ACRLOGSYS,N
BKPF,ACROBJTYPE,ACDOCA,ACROBJTYPE,N
BKPF,ACROBJ_ID,ACDOCA,ACROBJ_ID,N
BKPF,ACRSOBJ_ID,ACDOCA,ACRSOBJ_ID,N
BKPF,ACRVALDAT,ACDOCA,ACRVALDAT,N
BKPF,AEDAT,BKPF,AEDAT,N
BKPF,ANBWA,ACDOCA,ANBWA,N
BKPF,ANLN1,ACDOCA,ANLN1,N
BKPF,ANLN2,ACDOCA,ANLN2,N
BKPF,AUFNR,ACDOCA,AUFNR,N
BKPF,AUGBL,ACDOCA,AUGBL,N
BKPF,AUGDT,ACDOCA,AUGDT,N
BKPF,AUGGJ,ACDOCA,AUGGJ,N
BKPF,AWKEY,ACDOCA,AWORG,N
BKPF,AWORG_REV,ACDOCA,AWORG_REV,N
BKPF,AWREF_REV,ACDOCA,AWREF_REV,N
BKPF,AWSYS,ACDOCA,AWSYS,N
BKPF,AWTYP,ACDOCA,AWTYP,N
BKPF,BDGT_ACCOUNT,ACDOCA,BDGT_ACCOUNT,N
BKPF,BDGT_ACCOUNT_COCODE,ACDOCA,BDGT_ACCOUNT_COCODE,N
BKPF,BELNR,ACDOCA,BELNR,N
BKPF,BEWAR,ACDOCA,RMVCT,N
BKPF,BKTXT,BKPF,BKTXT,N
BKPF,BLART,ACDOCA,BLART,N
BKPF,BLDAT,ACDOCA,BLDAT,N
BKPF,BSCHL,ACDOCA,BSCHL,Y
BKPF,BSTAT,ACDOCA,BSTAT,N
BKPF,BTYPE,ACDOCA,BTYPE,N
BKPF,BUDAT,ACDOCA,BUDAT,N
BKPF,BUDGET_PD,ACDOCA,RBUDGET_PD,N
BKPF,BUKRS,ACDOCA,RBUKRS,N
BKPF,BUZEI,ACDOCA,BUZEI,N
BKPF,BWKEY,ACDOCA,BWKEY,N
BKPF,BWTAR,ACDOCA,BWTAR,N
BKPF,BZDAT,ACDOCA,BZDAT,N
BKPF,CPUDT,ACDOCA,TIMESTAMP,N
BKPF,CPUTM,ACDOCA,TIMESTAMP,N
BKPF,DABRZ,ACDOCA,DABRZ,N
BKPF,DBBLG,BKPF,DBBLG,N
BKPF,DMBE2/3,ACDOCA,KSL,Y
BKPF,DMBE2/3,ACDOCA,OSL,Y
BKPF,DMBE2/3,ACDOCA,VSL,Y
BKPF,DMBTR,ACDOCA,HSL,N
BKPF,DOCCAT,BKPF,DOCCAT,N
BKPF,EBELN,ACDOCA,EBELN,N
BKPF,EBELN_LOGSYS,ACDOCA,EBELN_LOGSYS,N
BKPF,EBELP,ACDOCA,EBELP,N
BKPF,EGRUP,ACDOCA,EGRUP,N
BKPF,ETYPE,ACDOCA,ETYPE,N
BKPF,FIKRS,ACDOCA,FIKRS,N
BKPF,FISTL,ACDOCA,FISTL,N
BKPF,FKBER_LONG,ACDOCA,RFAREA,N
BKPF,GJAHR,ACDOCA,GJAHR,N
BKPF,GLVOR,BKPF,GLVOR,N
BKPF,GRANT_NBR,ACDOCA,RGRANT_NBR,N
BKPF,GSBER,ACDOCA,RBUSA,N
BKPF,HBKID,ACDOCA,HBKID,N
BKPF,HKONT,ACDOCA,RACCT,N
BKPF,HKTID,ACDOCA,HKTID,N
BKPF,HRKFT,ACDOCA,HRKFT,N
BKPF,HWAE2/3,ACDOCA,RKCUR,Y
BKPF,HWAE2/3,ACDOCA,ROCUR,Y
BKPF,HWAE2/3,ACDOCA,RVCUR,Y
BKPF,HWAER,ACDOCA,RHCUR,N
BKPF,KBLNR,ACDOCA,KBLNR,N
BKPF,KBLPOS,ACDOCA,KBLPOS,N
BKPF,KOART,ACDOCA,KOART,N
BKPF,KOKRS,ACDOCA,KOKRS,N
BKPF,KOSTL,ACDOCA,RCNTR,N
BKPF,KSTAR,ACDOCA,RACCT,N
BKPF,KTOSL,ACDOCA,KTOSL,N
BKPF,KUNNR,ACDOCA,KUNNR,N
BKPF,KURSF,BKPF,KURSF,N
BKPF,LDGRP,BKPF,LDGRP,N
BKPF,LIFNR,ACDOCA,LIFNR,N
BKPF,LOKKT,ACDOCA,LOKKT,N
BKPF,LSTAR,ACDOCA,LSTAR,N
BKPF,MANDT,ACDOCA,RCLNT,N
BKPF,MATNR,ACDOCA,MATNR,N
BKPF,MEASURE,ACDOCA,MEASURE,N
BKPF,MEINS,ACDOCA,RUNIT,N
BKPF,MENGE,ACDOCA,MSL,N
BKPF,MONAT,ACDOCA,POPER,N
BKPF,MWSKZ,ACDOCA,MWSKZ,N
BKPF,NETDT,ACDOCA,NETDT,N
BKPF,PAOBJNR,ACDOCA,PAOBJNR,N
BKPF,PARGB,ACDOCA,SBUSA,N
BKPF,PBUDGET_PD,ACDOCA,SBUDGET_PD,N
BKPF,PEINH,ACDOCA,HPEINH,N
BKPF,PERNR,ACDOCA,PERNR,N
BKPF,PEROP_BEG,ACDOCA,PEROP_BEG,N
BKPF,PEROP_END,ACDOCA,PEROP_END,N
BKPF,PFKBER,ACDOCA,SFAREA,N
BKPF,PGRANT_NBR,ACDOCA,SGRANT_NBR,N
BKPF,POSN2,ACDOCA,KDPOS,N
BKPF,PPNAM,BKPF,PPNAM,N
BKPF,PPRCT,ACDOCA,PPRCTR,N
BKPF,PRCTR,ACDOCA,PRCTR,N
BKPF,PRODPER,ACDOCA,PRODPER,N
BKPF,PROJK,ACDOCA,PS_POSID,N
BKPF,PSEGMENT,ACDOCA,PSEGMENT,N
BKPF,PSWBT,ACDOCA,TSL,N
BKPF,PSWSL,ACDOCA,RTCUR,N
BKPF,REBZG,ACDOCA,REBZG,N
BKPF,REBZJ,ACDOCA,REBZJ,N
BKPF,REBZT,ACDOCA,REBZT,N
BKPF,REBZZ,ACDOCA,REBZZ,N
BKPF,RECID,ACDOCA,RECID,N
BKPF,RISK_CLASS,ACDOCA,RISK_CLASS,N
BKPF,SEGMENT,ACDOCA,SEGMENT,N
BKPF,SERVICE_DOC_ID,ACDOCA,SERVICE_DOC_ID,N
BKPF,SERVICE_DOC_ITEM_ID,ACDOCA,SERVICE_DOC_ITEM_ID,N
BKPF,SERVICE_DOC_TYPE,ACDOCA,SERVICE_DOC_TYPE,N
BKPF,SGTXT,ACDOCA,SGTXT,N
BKPF,SHKZG,ACDOCA,DRCRK,N
BKPF,STBLG,BKPF,STBLG,N
BKPF,STGRD,BKPF,STGRD,N
BKPF,STJAH,BKPF,STJAH,N
BKPF,STODT,BKPF,STODT,N
BKPF,TAX_COUNTRY,ACDOCA,TAX_COUNTRY,N
BKPF,TCODE,BKPF,TCODE,N
BKPF,UMSKZ,ACDOCA,UMSKZ,N
BKPF,UPDDT,BKPF,UPDDT,N
BKPF,USNAM,ACDOCA,USNAM,N
BKPF,VALOBJTYPE,ACDOCA,VALOBJTYPE,N
BKPF,VALOBJ_ID,ACDOCA,VALOBJ_ID,N
BKPF,VALSOBJ_ID,ACDOCA,VALSOBJ_ID,N
BKPF,VALUT,ACDOCA,VALUT,N
BKPF,VBEL2,ACDOCA,KDAUF,N
BKPF,VBUND,ACDOCA,RASSC,N
BKPF,VNAME,ACDOCA,VNAME,N
BKPF,VORGN,ACDOCA,BTTYPE,Y
BKPF,VORGN,ACDOCA,VORGN,Y
BKPF,VPTNR,ACDOCA,VPTNR,N
BKPF,WAERS,ACDOCA,RWCUR,N
BKPF,WERKS,ACDOCA,WERKS,N
BKPF,WRBTR,ACDOCA,WSL,N
BKPF,WWERT,ACDOCA,WWERT,N
BKPF,XBLNR,BKPF,XBLNR,N
BKPF,XBLNR_ALT,BKPF,XBLNR_ALT,N
BKPF,XOPVW,ACDOCA,XOPVW,N
BKPF,XREF1_HD,BKPF,XREF1_HD,N
BKPF,XREF2_HD,BKPF,XREF2_HD,N
BKPF,XREVERSAL,ACDOCA,XREVERSING,N
BKPF,XREVERSAL=1,ACDOCA,XREVERSED,N
BKPF,XREVERSAL=2,ACDOCA,XREVERSING,N
BKPF,ZEKKN,ACDOCA,ZEKKN,N
BKPF,ZUONR,ACDOCA,ZUONR,N
BKPF,_DATAAGING,ACDOCA,_DATAAGING,N
BSAD,BELNR,ACDOCA,BELNR,N
BSAD,BUKRS,ACDOCA,RBUKRS,N
BSAD,GJAHR,ACDOCA,GJAHR,N
BSAD,VBELN,,,Y
BSEG,ACRITMTYPE,ACDOCA,ACRITMTYPE,N
BSEG,ACRLOGSYS,ACDOCA,ACRLOGSYS,N
BSEG,ACROBJTYPE,ACDOCA,ACROBJTYPE,N
BSEG,ACROBJ_ID,ACDOCA,ACROBJ_ID,N
BSEG,ACRSOBJ_ID,ACDOCA,ACRSOBJ_ID,N
BSEG,ACRVALDAT,ACDOCA,ACRVALDAT,N
BSEG,ANBWA,ACDOCA,ANBWA,N
BSEG,ANLN1,ACDOCA,ANLN1,N
BSEG,ANLN2,ACDOCA,ANLN2,N
BSEG,APLZL,BSEG,APLZL,N
BSEG,AUFNR,ACDOCA,AUFNR,N
BSEG,AUFPL,,,Y
BSEG,AUGBL,ACDOCA,AUGBL,N
BSEG,AUGCP,BSEG,AUGCP,Y
BSEG,AUGDT,ACDOCA,AUGDT,N
BSEG,AUGGJ,ACDOCA,AUGGJ,N
BSEG,AWKEY,BKPF,AWKEY,N
BSEG,AWORG_REV,ACDOCA,AWORG_REV,N
BSEG,AWREF_REV,ACDOCA,AWREF_REV,N
BSEG,AWSYS,ACDOCA,AWSYS,N
BSEG,AWTYP,ACDOCA,AWTYP,N
BSEG,BDGT_ACCOUNT,ACDOCA,BDGT_ACCOUNT,N
BSEG,BDGT_ACCOUNT_COCODE,ACDOCA,BDGT_ACCOUNT_COCODE,N
BSEG,BELNR,ACDOCA,BELNR,N
BSEG,BEWAR,ACDOCA,RMVCT,N
BSEG,BSCHL,ACDOCA,BSCHL,N
BSEG,BTYPE,ACDOCA,BTYPE,N
BSEG,BUDGET_PD,ACDOCA,RBUDGET_PD,N
BSEG,BUKRS,ACDOCA,RBUKRS,N
BSEG,BUZEI,ACDOCA,BUZEI,N
BSEG,BWKEY,ACDOCA,BWKEY,N
BSEG,BWTAR,ACDOCA,BWTAR,N
BSEG,BZDAT,ACDOCA,BZDAT,N
BSEG,DABRZ,ACDOCA,DABRZ,N
BSEG,DMBE2/3,ACDOCA,KSL,Y
BSEG,DMBE2/3,ACDOCA,OSL,Y
BSEG,DMBE2/3,ACDOCA,VSL,Y
BSEG,DMBTR,ACDOCA,HSL,N
BSEG,EBELN,ACDOCA,EBELN,N
BSEG,EBELN_LOGSYS,ACDOCA,EBELN_LOGSYS,N
BSEG,EBELP,ACDOCA,EBELP,N
BSEG,EGRUP,ACDOCA,EGRUP,N
BSEG,ETYPE,ACDOCA,ETYPE,N
BSEG,FISTL,ACDOCA,FISTL,N
BSEG,FKBER,ACDOCA,RFAREA,N
BSEG,FKBER_LONG,ACDOCA,RFAREA,N
BSEG,FWBAS,BSEG,FWBAS,N
BSEG,GJAHR,ACDOCA,GJAHR,N
BSEG,GRANT_NBR,ACDOCA,RGRANT_NBR,N
BSEG,GSBER,ACDOCA,RBUSA,N
BSEG,HBKID,ACDOCA,HBKID,N
BSEG,HKONT,ACDOCA,RACCT,N
BSEG,HKTID,ACDOCA,HKTID,N
BSEG,HRKFT,ACDOCA,HRKFT,N
BSEG,HWBAS,BSEG,HWBAS,N
BSEG,H_BLART,ACDOCA,BLART,N
BSEG,H_BLDAT,ACDOCA,BLDAT,N
BSEG,H_BSTAT,ACDOCA,BSTAT,N
BSEG,H_BUDAT,ACDOCA,BUDAT,N
BSEG,H_HWAE2/3,ACDOCA,RKCUR,Y
BSEG,H_HWAE2/3,ACDOCA,ROCUR,Y
BSEG,H_HWAE2/3,ACDOCA,RVCUR,Y
BSEG,H_HWAER,ACDOCA,RHCUR,N
BSEG,H_MONAT,ACDOCA,POPER,N
BSEG,KBLNR,ACDOCA,KBLNR,N
BSEG,KBLPOS,ACDOCA,KBLPOS,N
BSEG,KOART,ACDOCA,KOART,N
BSEG,KOKRS,ACDOCA,KOKRS,N
BSEG,KOSTL,ACDOCA,RCNTR,N
BSEG,KSTAR,ACDOCA,RACCT,N
BSEG,KTOSL,ACDOCA,KTOSL,N
BSEG,KUNNR,ACDOCA,KUNNR,N
BSEG,LANDL,BSEG,LANDL,N
BSEG,LIFNR,ACDOCA,LIFNR,N
BSEG,LOKKT,ACDOCA,LOKKT,N
BSEG,LSTAR,ACDOCA,LSTAR,N
BSEG,MANDT,ACDOCA,RCLNT,N
BSEG,MATNR,ACDOCA,MATNR,N
BSEG,MEASURE,ACDOCA,MEASURE,N
BSEG,MEINS,ACDOCA,RUNIT,N
BSEG,MENGE,ACDOCA,MSL,N
BSEG,MWART,BSEG,MWART,N
BSEG,MWSKZ,ACDOCA,MWSKZ,N
BSEG,MWSTS,BSEG,MWSTS,N
BSEG,NETDT,ACDOCA,NETDT,N
BSEG,NPLNR,ACDOCA,NPLNR,N
BSEG,PAOBJNR,ACDOCA,PAOBJNR,N
BSEG,PARGB,ACDOCA,SBUSA,N
BSEG,PBUDGET_PD,ACDOCA,SBUDGET_PD,N
BSEG,PEINH,ACDOCA,HPEINH,N
BSEG,PERNR,ACDOCA,PERNR,N
BSEG,PEROP_BEG,ACDOCA,PEROP_BEG,N
BSEG,PEROP_END,ACDOCA,PEROP_END,N
BSEG,PFKBER,ACDOCA,SFAREA,N
BSEG,PGRANT_NBR,ACDOCA,SGRANT_NBR,N
BSEG,POSN2,ACDOCA,KDPOS,N
BSEG,PPRCT,ACDOCA,PPRCTR,N
BSEG,PRCTR,ACDOCA,PRCTR,N
BSEG,PRODPER,ACDOCA,PRODPER,N
BSEG,PROJK,ACDOCA,PS_POSID,N
BSEG,PSEGMENT,ACDOCA,PSEGMENT,N
BSEG,PSWBT,ACDOCA,TSL,N
BSEG,PSWSL,ACDOCA,RTCUR,N
BSEG,QSSHB,BSEG,QSSHB,N
BSEG,REBZG,ACDOCA,REBZG,N
BSEG,REBZJ,ACDOCA,REBZJ,N
BSEG,REBZT,ACDOCA,REBZT,N
BSEG,REBZZ,ACDOCA,REBZZ,N
BSEG,RECID,ACDOCA,RECID,N
BSEG,RISK_CLASS,ACDOCA,RISK_CLASS,N
BSEG,SAKNR,BSEG,SAKNR,N
BSEG,SEGMENT,ACDOCA,SEGMENT,N
BSEG,SERVICE_DOC_ID,ACDOCA,SERVICE_DOC_ID,N
BSEG,SERVICE_DOC_ITEM_ID,ACDOCA,SERVICE_DOC_ITEM_ID,N
BSEG,SERVICE_DOC_TYPE,ACDOCA,SERVICE_DOC_TYPE,N
BSEG,SGTXT,ACDOCA,SGTXT,N
BSEG,SHKZG,ACDOCA,DRCRK,N
BSEG,STCEG,BSEG,STCEG,N
BSEG,TAX_COUNTRY,ACDOCA,TAX_COUNTRY,N
BSEG,TXBFW,BSEG,TXBFW,N
BSEG,TXBHW,BSEG,TXBHW,N
BSEG,TXGRP,BSEG,TXGRP,N
BSEG,UMSKZ,ACDOCA,UMSKZ,N
BSEG,VALOBJTYPE,ACDOCA,VALOBJTYPE,N
BSEG,VALOBJ_ID,ACDOCA,VALOBJ_ID,N
BSEG,VALSOBJ_ID,ACDOCA,VALSOBJ_ID,N
BSEG,VALUT,ACDOCA,VALUT,N
BSEG,VBEL2,ACDOCA,KDAUF,N
BSEG,VBELN,BSEG,VBELN,N
BSEG,VBUND,ACDOCA,RASSC,N
BSEG,VNAME,ACDOCA,VNAME,N
BSEG,VORGN,ACDOCA,VORGN,N
BSEG,VPTNR,ACDOCA,VPTNR,N
BSEG,WAERS,ACDOCA,RWCUR,N
BSEG,WERKS,ACDOCA,WERKS,N
BSEG,WMWST,BSEG,WMWST,N
BSEG,WRBTR,ACDOCA,WSL,N
BSEG,XAUTO,BSEG,XAUTO,N
BSEG,XOPVW,ACDOCA,XOPVW,N
BSEG,XREF1,BSEG,XREF1,N
BSEG,XREF2,BSEG,XREF2,N
BSEG,XREF3,BSEG,XREF3,N
BSEG,XUMSW,BSEG,XUMSW,N
BSEG,ZEKKN,ACDOCA,ZEKKN,N
BSEG,ZLSCH,BSEG,ZLSCH,N
BSEG,ZLSPR,BSEG,ZLSPR,N
BSEG,ZTERM,BSEG,ZTERM,N
BSEG,ZUONR,ACDOCA,ZUONR,N
BSEG,_DATAAGING,ACDOCA,_DATAAGING,N
BSEG_ADD,APLZL,BSEG_ADD,APLZL,N
BSEG_ADD,AUFNR,BSEG_ADD,AUFNR,N
BSEG_ADD,AUFPL,BSEG_ADD,AUFPL,N
BSEG_ADD,AUGBL,ACDOCA,AUGBL,N
BSEG_ADD,AUGCP,BSEG_ADD,AUGCP,N
BSEG_ADD,AUGDT,ACDOCA,AUGDT,N
BSEG_ADD,BELNR,ACDOCA,BELNR,N
BSEG_ADD,BEWAR,ACDOCA,RMVCT,N
BSEG_ADD,BSCHL,ACDOCA,BSCHL,N
BSEG_ADD,BUKRS,ACDOCA,RBUKRS,N
BSEG_ADD,BUZEI,ACDOCA,BUZEI,N
BSEG_ADD,BWTAR,ACDOCA,BWTAR,N
BSEG_ADD,DMBTR,BSEG_ADD,DMBTR,N
BSEG_ADD,EBELN,ACDOCA,EBELN,N
BSEG_ADD,EBELP,ACDOCA,EBELP,N
BSEG_ADD,FKBER,BSEG_ADD,FKBER,N
BSEG_ADD,GJAHR,ACDOCA,GJAHR,N
BSEG_ADD,HKONT,BSEG_ADD,HKONT,N
BSEG_ADD,KOART,ACDOCA,KOART,N
BSEG_ADD,KOKRS,ACDOCA,KOKRS,N
BSEG_ADD,KOSTL,BSEG_ADD,KOSTL,N
BSEG_ADD,KSTAR,ACDOCA,RACCT,N
BSEG_ADD,KTOSL,ACDOCA,KTOSL,N
BSEG_ADD,MANDT,ACDOCA,RCLNT,N
BSEG_ADD,MATNR,ACDOCA,MATNR,N
BSEG_ADD,MEINS,BSEG_ADD,MEINS,N
BSEG_ADD,MENGE,ACDOCA,MSL,N
BSEG_ADD,MWSKZ,ACDOCA,MWSKZ,N
BSEG_ADD,NPLNR,BSEG_ADD,NPLNR,N
BSEG_ADD,POSN2,ACDOCA,KDPOS,N
BSEG_ADD,PRCTR,BSEG_ADD,PRCTR,N
BSEG_ADD,REBZG,ACDOCA,REBZG,N
BSEG_ADD,REBZJ,ACDOCA,REBZJ,N
BSEG_ADD,REBZZ,ACDOCA,REBZZ,N
BSEG_ADD,SGTXT,ACDOCA,SGTXT,N
BSEG_ADD,SHKZG,ACDOCA,DRCRK,N
BSEG_ADD,VBEL2,BSEG_ADD,VBEL2,N
BSEG_ADD,VBELN,BSEG_ADD,VBELN,N
BSEG_ADD,VBUND,BSEG_ADD,VBUND,N
BSEG_ADD,VORGN,ACDOCA,VORGN,N
BSEG_ADD,WERKS,ACDOCA,WERKS,N
BSEG_ADD,WRBTR,BSEG_ADD,WRBTR,N
BSEG_ADD,XAUTO,BSEG_ADD,XAUTO,N
BSEG_ADD,XREF1,BSEG_ADD,XREF1,N
BSEG_ADD,XREF2,BSEG_ADD,XREF2,N
BSEG_ADD,XREF3,BSEG_ADD,XREF3,N
BSEG_ADD,ZUONR,BSEG_ADD,ZUONR,N
BSID,BELNR,ACDOCA,BELNR,N
BSID,BUKRS,ACDOCA,RBUKRS,N
BSID,GJAHR,ACDOCA,GJAHR,N
BSID,VBELN,,,Y
COBK,AWREF_REV,ACDOCA,STBLG,N
COBK,AWTYP,ACDOCA,AWTYP,N
COBK,BELNR,ACDOCA,BELNR,N
COBK,BLART,ACDOCA,BLART,N
COBK,BLDAT,ACDOCA,BLDAT,N
COBK,BLTXT,COBK,BLTXT,N
COBK,BUDAT,ACDOCA,BUDAT,N
COBK,CPUDT,COBK,CPUDT,N
COBK,CPUTM,COBK,CPUTM,N
COBK,GJAHR,ACDOCA,GJAHR,N
COBK,MANDT,COBK,MANDT,N
COBK,REFBK,COBK,REFBK,N
COBK,REFBN,COBK,REFBN,N
COBK,REFBT,COBK,REFBT,N
COBK,REFGJ,COBK,REFGJ,N
COBK,USNAM,ACDOCA,USNAM,N
COEP,ACCAS,ACDOCA,ACCAS,N
COEP,ACCASTY,ACDOCA,ACCASTY,N
COEP,AUFNR,ACDOCA,AUFNR,N
COEP,AUTYP,ACDOCA,AUTYP,N
COEP,AWKEY,,,Y
COEP,AWSYS,ACDOCA,AWSYS,N
COEP,AWTYP,ACDOCA,AWTYP,N
COEP,BEKNZ,ACDOCA,BEKNZ,N
COEP,BELNR,ACDOCA,CO_BELNR,N
COEP,BELTP,ACDOCA,BELTP,N
COEP,BUDGET_PD,ACDOCA,RBUDGET_PD,N
COEP,BUKRS,ACDOCA,RBUKRS,N
COEP,BUZEI,ACDOCA,CO_BUZEI,Y
COEP,BWSTRAT,ACDOCA,BWSTRAT,N
COEP,BW_REFBZ,ACDOCA,CO_BUZEI,N
COEP,EBELN,ACDOCA,EBELN,N
COEP,EBELP,ACDOCA,EBELP,N
COEP,ERKRS,ACDOCA,ERKRS,N
COEP,ERLKZ,ACDOCA,ERLKZ,N
COEP,FKBER,ACDOCA,RFAREA,N
COEP,GEBER,ACDOCA,RFUND,N
COEP,GJAHR,ACDOCA,GJAHR,N
COEP,GKOAR,ACDOCA,GKOAR,N
COEP,GKONT,ACDOCA,GKONT,N
COEP,GRANT_NBR,ACDOCA,RGRANT_NBR,N
COEP,HRKFT,ACDOCA,HRKFT,N
COEP,HRKFT-HKGRP,ACDOCA,HKGRP,N
COEP,KOKRS,ACDOCA,KOKRS,N
COEP,KOSTL,ACDOCA,RCNTR,N
COEP,KSTAR,ACDOCA,RACCT,N
COEP,KWAER,ACDOCA,RKCUR,N
COEP,LOGSYSO,ACDOCA,LOGSYSO,N
COEP,LOGSYSP,ACDOCA,LOGSYSP,N
COEP,LSTAR,ACDOCA,LSTAR,N
COEP,MANDT,ACDOCA,RCLNT,N
COEP,MATNR,ACDOCA,MATNR,N
COEP,MBFBTR,ACDOCA,MFSL,N
COEP,MBGBTR,ACDOCA,MSL,N
COEP,MEFBTR,ACDOCA,MEFBTR,Y
COEP,MEGBTR,ACDOCA,VMSL,N
COEP,MEINB,ACDOCA,RUNIT,N
COEP,MEINH,ACDOCA,RVUNIT,N
COEP,MVFLG,ACDOCA,MUVFLG,N
COEP,OBJNR,ACDOCA,OBJNR,N
COEP,OBJNR_HK,ACDOCA,OBJNR_HK,N
COEP,OBJNR_N1,ACDOCA,CO_ACCASTY_N1,N
COEP,OBJNR_N2,ACDOCA,CO_ACCASTY_N2,N
COEP,OBJNR_N3,ACDOCA,CO_ACCASTY_N3,N
COEP,OWAER,ACDOCA,OWAER,Y
COEP,PACCAS,ACDOCA,PACCAS,N
COEP,PACCASTY,ACDOCA,PACCASTY,N
COEP,PAFBTR,ACDOCA,PFSL,N
COEP,PAGBTR,ACDOCA,PSL,N
COEP,PAOBJNR,ACDOCA,PAOBJNR,N
COEP,PAROB/PAROB1,ACDOCA,PAROBSRC,N
COEP,PAROB1,ACDOCA,PAROB1,N
COEP,PAUFNR,ACDOCA,PAUFNR,N
COEP,PAUTYP,ACDOCA,PAUTYP,N
COEP,PBUDGET_PD,ACDOCA,SBUDGET_PD,N
COEP,PBUKRS,ACDOCA,PBUKRS,N
COEP,PERIO,ACDOCA,POPER,N
COEP,PERNR,ACDOCA,PERNR,N
COEP,PFKBER,ACDOCA,SFAREA,N
COEP,PGEBER,ACDOCA,SFUND,N
COEP,PGRANT_NBR,ACDOCA,SGRANT_NBR,N
COEP,PKOSTL,ACDOCA,SCNTR,N
COEP,PLSTAR,ACDOCA,PLSTAR,N
COEP,PPRCT,ACDOCA,PPRCTR,N
COEP,PPSPID,ACDOCA,PPS_PSPID,N
COEP,PPSPNR,ACDOCA,PPS_POSID,N
COEP,PRCTR,ACDOCA,PRCTR,N
COEP,PSCOPE,ACDOCA,PSCOPE,N
COEP,PSEGMENT,ACDOCA,PSEGMENT,N
COEP,PSPID,ACDOCA,PS_PSPID,N
COEP,PSPNR,ACDOCA,PS_POSID,N
COEP,PVBELN,ACDOCA,PKDAUF,N
COEP,PVBPOSNR,ACDOCA,PKDPOS,N
COEP,QMNUM,ACDOCA,QMNUM,N
COEP,QUANT1,ACDOCA,QUANT1,N
COEP,QUANT2,ACDOCA,QUANT2,N
COEP,QUANT3,ACDOCA,QUANT3,N
COEP,QUNIT1,ACDOCA,QUNIT1,N
COEP,QUNIT2,ACDOCA,QUNIT2,N
COEP,QUNIT3,ACDOCA,QUNIT3,N
COEP,RBEST,ACDOCA,RBEST,N
COEP,REFBZ,ACDOCA,AWITEM,N
COEP,REFBZ_FI,ACDOCA,BUZEI,Y
COEP,SCOPE,ACDOCA,SCOPE,N
COEP,SEGMENT,ACDOCA,SEGMENT,N
COEP,SGTXT,ACDOCA,SGTXT,N
COEP,STFLG,ACDOCA,XREVERSING,N
COEP,STOKZ,ACDOCA,XREVERSED,N
COEP,TWAER,ACDOCA,RWCUR,N
COEP,USPOB,ACDOCA,USPOB,N
COEP,VBELN,ACDOCA,KDAUF,N
COEP,VBPOSNR,ACDOCA,KDPOS,N
COEP,VBUND,ACDOCA,RASSC,N
COEP,VERSN,,,Y
COEP,VRGNG,ACDOCA,VRGNG,N
COEP,WERKS,ACDOCA,WERKS,N
COEP,WKFBTR,ACDOCA,KFSL,N
COEP,WKGBTR,ACDOCA,KSL,N
COEP,WOGBTR,ACDOCA,HSL,N
COEP,WRTTP,ACDOCA,ACCASTY,Y
COEP,WTGBTR,ACDOCA,WSL,Y
COEP,WTGBTR,ACDOCA,WSL2,Y
COEP,WTGBTR,ACDOCA,WSL3,Y
COEP,ZEKKN,ACDOCA,ZEKKN,N
COEP,ZLENR,ACDOCA,CO_ZLENR,N
CSKB,KSTAR,SKA1,SAKNR,N
CSKS,ACCT_DOC_NMBR_C,CSKS,ACCT_DOC_NMBR_C,N
CSKS,KOSTL,ACDOCA,RCNTR,N
FAGLFLEXA,ACTIV,ACDOCA,BTTYPE,N
FAGLFLEXA,AWTYP,ACDOCA,AWTYP,N
FAGLFLEXA,BELNR,ACDOCA,BELNR,N
FAGLFLEXA,BSCHL,ACDOCA,BSCHL,N
FAGLFLEXA,BSTAT,ACDOCA,BSTAT,N
FAGLFLEXA,BUDAT,ACDOCA,BUDAT,N
FAGLFLEXA,BUZEI,ACDOCA,BUZEI,N
FAGLFLEXA,COST_ELEM,ACDOCA,RACCT,N
FAGLFLEXA,DOCLN,ACDOCA,DOCLN,Y
FAGLFLEXA,DOCLN,ACDOCA,MIG_DOCLN,Y
FAGLFLEXA,DOCNR,ACDOCA,BELNR,N
FAGLFLEXA,DOCNR (in special cases),ACDOCA,DOCNR_LD,N
FAGLFLEXA,DRCRK,ACDOCA,DRCRK,N
FAGLFLEXA,GJAHR,ACDOCA,GJAHR,N
FAGLFLEXA,HSL,ACDOCA,HSL,N
FAGLFLEXA,KOKRS,ACDOCA,KOKRS,N
FAGLFLEXA,KSL/OSL,ACDOCA,KSL,Y
FAGLFLEXA,KSL/OSL,ACDOCA,OSL,Y
FAGLFLEXA,KSL/OSL,ACDOCA,VSL,Y
FAGLFLEXA,LINETYPE,ACDOCA,LINETYPE,N
FAGLFLEXA,LOGSYS,ACDOCA,AWSYS,N
FAGLFLEXA,MSL,ACDOCA,MSL,N
FAGLFLEXA,POPER,ACDOCA,POPER,N
FAGLFLEXA,PPRCTR,ACDOCA,PPRCTR,N
FAGLFLEXA,PRCTR,ACDOCA,PRCTR,N
FAGLFLEXA,PSEGMENT,ACDOCA,PSEGMENT,N
FAGLFLEXA,RACCT,ACDOCA,RACCT,N
FAGLFLEXA,RASSC,ACDOCA,RASSC,N
FAGLFLEXA,RBUKRS,ACDOCA,RBUKRS,N
FAGLFLEXA,RBUSA,ACDOCA,RBUSA,N
FAGLFLEXA,RCLNT,ACDOCA,RCLNT,N
FAGLFLEXA,RCNTR,ACDOCA,RCNTR,N
FAGLFLEXA,RFAREA,ACDOCA,RFAREA,N
FAGLFLEXA,RLDNR,ACDOCA,RLDNR,N
FAGLFLEXA,RMVCT,ACDOCA,RMVCT,N
FAGLFLEXA,RRCTY,ACDOCA,RRCTY,N
FAGLFLEXA,RTCUR,ACDOCA,RTCUR,N
FAGLFLEXA,RUNIT,ACDOCA,RUNIT,N
FAGLFLEXA,RWCUR,ACDOCA,RWCUR,N
FAGLFLEXA,RYEAR,ACDOCA,RYEAR,N
FAGLFLEXA,SBUSA,ACDOCA,SBUSA,N
FAGLFLEXA,SCNTR,ACDOCA,SCNTR,N
FAGLFLEXA,SEGMENT,ACDOCA,SEGMENT,N
FAGLFLEXA,SFAREA,ACDOCA,SFAREA,N
FAGLFLEXA,TIMESTAMP,ACDOCA,TIMESTAMP,N
FAGLFLEXA,TSL,ACDOCA,TSL,N
FAGLFLEXA,USNAM,ACDOCA,USNAM,N
FAGLFLEXA,VORGN,ACDOCA,VORGN,N
FAGLFLEXA,WSL,ACDOCA,WSL,N
FAGLFLEXA,XSPLITMOD,ACDOCA,XSPLITMOD,N
FAGLFLEXA,_DATAAGING,ACDOCA,_DATAAGING,N
FAGL_TLDGRP_MAP,LDGRP,BKPF,LDGRP,N
FAGL_TLDGRP_MAP,RLDNR,ACDOCA,RLDNR,N
MARA,MEINS,MARA,MEINS,N
PRPS,OBJNR,ACDOCA,OBJNR,N
SKA1,SAKAN,SKA1,SAKAN,N